timestamp,worker_url,request_id,throughput_gradient,latency_gradient,score,outstanding_requests,avg_throughput,avg_latency,window_size,selection_reason,actual_output_tokens,server_latency,queue_time,ttft,decision_time_ms
2025-07-31 06:49:11.659,http://localhost:30001,pending,,,,0,,,20,gradient_based,,,,,0.004037
2025-07-31 06:49:11.674,http://localhost:30002,pending,,,,0,,,20,gradient_based,,,,,0.0033239999999999997
2025-07-31 06:49:11.701,http://localhost:30003,pending,,,,0,,,20,gradient_based,,,,,0.0030800000000000003
2025-07-31 06:49:11.790,http://localhost:30001,pending,,,,0,,,20,gradient_based,,,,,0.003249
2025-07-31 06:49:11.992,http://localhost:30002,pending,,,,0,,,20,gradient_based,,,,,0.002663
2025-07-31 06:49:12.069,http://localhost:30003,pending,,,,0,,,20,gradient_based,,,,,0.0020770000000000003
2025-07-31 06:49:12.169,http://localhost:30001,pending,,,,0,,,20,gradient_based,,,,,0.0017430000000000002
2025-07-31 06:49:12.265,http://localhost:30002,pending,,,,0,,,20,gradient_based,,,,,0.0016109999999999998
2025-07-31 06:49:12.268,http://localhost:30003,pending,,,,0,,,20,gradient_based,,,,,0.001798
2025-07-31 06:49:12.288,http://localhost:30001,pending,,,,0,,,20,gradient_based,,,,,0.001469
2025-07-31 06:49:12.311,http://localhost:30002,pending,,,,0,,,20,gradient_based,,,,,0.0018479999999999998
2025-07-31 06:49:12.339,http://localhost:30003,pending,,,,0,,,20,gradient_based,,,,,0.001383
2025-07-31 06:49:12.357,http://localhost:30001,pending,,,,0,,,20,gradient_based,,,,,0.000896
2025-07-31 06:49:12.391,http://localhost:30002,pending,,,,0,,,20,gradient_based,,,,,0.001502
2025-07-31 06:49:12.411,http://localhost:30003,pending,,,,0,,,20,gradient_based,,,,,0.0016920000000000001
2025-07-31 06:49:12.472,http://localhost:30001,pending,,,,0,,,20,gradient_based,,,,,0.0013039999999999998
2025-07-31 06:49:12.492,http://localhost:30002,pending,,,,0,,,20,gradient_based,,,,,0.001433
2025-07-31 06:49:12.519,http://localhost:30003,pending,,,,0,,,20,gradient_based,,,,,0.001827
2025-07-31 06:49:12.640,http://localhost:30001,pending,,,,0,,,20,gradient_based,,,,,0.001494
2025-07-31 06:49:12.657,http://localhost:30002,pending,,,,0,,,20,gradient_based,,,,,0.001807
2025-07-31 06:49:12.657,http://localhost:30003,pending,,,,0,,,20,gradient_based,,,,,0.001748
2025-07-31 06:49:12.663,http://localhost:30001,pending,,,,0,,,20,gradient_based,,,,,0.0012610000000000002
2025-07-31 06:49:12.679,http://localhost:30002,pending,,,,0,,,20,gradient_based,,,,,0.001371
2025-07-31 06:49:12.737,http://localhost:30003,pending,,,,0,,,20,gradient_based,,,,,0.001069
2025-07-31 06:49:12.888,http://localhost:30001,pending,,,,0,,,20,gradient_based,,,,,0.00175
2025-07-31 06:49:12.909,http://localhost:30002,pending,,,,0,,,20,gradient_based,,,,,0.001603
2025-07-31 06:49:12.965,http://localhost:30003,pending,,,,0,,,20,gradient_based,,,,,0.001396
2025-07-31 06:49:12.976,http://localhost:30001,pending,,,,0,,,20,gradient_based,,,,,0.001748
2025-07-31 06:49:12.987,http://localhost:30002,pending,,,,0,,,20,gradient_based,,,,,0.00128
2025-07-31 06:49:12.992,http://localhost:30003,pending,,,,0,,,20,gradient_based,,,,,0.001686
2025-07-31 06:49:13.000,http://localhost:30001,pending,,,,0,,,20,gradient_based,,,,,0.001594
2025-07-31 06:49:13.004,http://localhost:30002,pending,,,,0,,,20,gradient_based,,,,,0.000998
2025-07-31 06:49:13.052,http://localhost:30003,pending,,,,0,,,20,gradient_based,,,,,0.00165
2025-07-31 06:49:13.067,http://localhost:30001,pending,,,,0,,,20,gradient_based,,,,,0.001011
2025-07-31 06:49:13.087,http://localhost:30002,pending,,,,0,,,20,gradient_based,,,,,0.001689
2025-07-31 06:49:13.108,http://localhost:30003,pending,,,,0,,,20,gradient_based,,,,,0.0018160000000000001
2025-07-31 06:49:13.155,http://localhost:30001,pending,,,,0,,,20,gradient_based,,,,,0.001649
2025-07-31 06:49:13.157,http://localhost:30002,pending,,,,0,,,20,gradient_based,,,,,0.001366
2025-07-31 06:49:13.175,http://localhost:30003,pending,,,,0,,,20,gradient_based,,,,,0.0013859999999999999
2025-07-31 06:49:13.195,http://localhost:30001,pending,,,,0,,,20,gradient_based,,,,,0.000943
2025-07-31 06:49:13.304,http://localhost:30002,pending,,,,0,,,20,gradient_based,,,,,0.001593
2025-07-31 06:49:13.315,http://localhost:30003,pending,,,,0,,,20,gradient_based,,,,,0.002199
2025-07-31 06:49:13.330,http://localhost:30001,pending,,,,0,,,20,gradient_based,,,,,0.001514
2025-07-31 06:49:13.385,http://localhost:30002,pending,,,,0,,,20,gradient_based,,,,,0.001694
2025-07-31 06:49:13.491,http://localhost:30003,pending,,,,0,,,20,gradient_based,,,,,0.001784
2025-07-31 06:49:13.591,http://localhost:30001,pending,,,,0,,,20,gradient_based,,,,,0.0017469999999999999
2025-07-31 06:49:13.601,http://localhost:30003,unknown,,,,0,323.73,1.8997,20,completion_record,615,1.8997,0.0004,0.1561,0
2025-07-31 06:49:13.612,http://localhost:30003,unknown,,,,0,313.11,1.5426,20,completion_record,483,1.5426,0.0001,0.1530,0
2025-07-31 06:49:13.649,http://localhost:30003,pending,,,,0,,,20,gradient_based,,,,,0.0019479999999999999
2025-07-31 06:49:13.660,http://localhost:30003,pending,,,,0,,,20,gradient_based,,,,,0.0019450000000000001
2025-07-31 06:49:13.687,http://localhost:30003,unknown,,,,0,303.52,1.2750,20,completion_record,387,1.2750,0.0001,0.1648,0
2025-07-31 06:49:13.716,http://localhost:30003,pending,,,,0,,,20,gradient_based,,,,,0.001829
2025-07-31 06:49:13.718,http://localhost:30002,pending,,,,0,,,20,gradient_based,,,,,0.001405
2025-07-31 06:49:13.722,http://localhost:30003,pending,,,,0,,,20,gradient_based,,,,,0.001309
2025-07-31 06:49:13.730,http://localhost:30001,pending,,,,0,,,20,gradient_based,,,,,0.006012
2025-07-31 06:49:13.758,http://localhost:30002,pending,,,,0,,,20,gradient_based,,,,,0.0024779999999999997
2025-07-31 06:49:13.760,http://localhost:30003,pending,,,,0,,,20,gradient_based,,,,,0.001671
2025-07-31 06:49:13.770,http://localhost:30001,pending,,,,0,,,20,gradient_based,,,,,0.00243
2025-07-31 06:49:13.809,http://localhost:30002,pending,,,,0,,,20,gradient_based,,,,,0.002233
2025-07-31 06:49:13.863,http://localhost:30003,pending,,,,0,,,20,gradient_based,,,,,0.0023810000000000003
2025-07-31 06:49:13.912,http://localhost:30003,unknown,,,,0,294.43,1.3925,20,completion_record,410,1.3925,0.0001,0.1634,0
2025-07-31 06:49:13.914,http://localhost:30003,pending,,,,0,,,20,gradient_based,,,,,0.0022819999999999997
2025-07-31 06:49:13.958,http://localhost:30001,pending,,,,0,,,20,gradient_based,,,,,0.002932
2025-07-31 06:49:13.986,http://localhost:30002,pending,,,,0,,,20,gradient_based,,,,,0.008885
2025-07-31 06:49:13.991,http://localhost:30003,pending,,,,0,,,20,gradient_based,,,,,0.002378
2025-07-31 06:49:14.010,http://localhost:30003,unknown,,,,0,294.31,1.6717,20,completion_record,492,1.6717,0.0001,0.1627,0
2025-07-31 06:49:14.067,http://localhost:30003,pending,,,,0,,,20,gradient_based,,,,,0.0023580000000000003
2025-07-31 06:49:14.082,http://localhost:30001,pending,,,,0,,,20,gradient_based,,,,,0.003173
2025-07-31 06:49:14.089,http://localhost:30002,pending,,,,0,,,20,gradient_based,,,,,0.002839
2025-07-31 06:49:14.113,http://localhost:30003,pending,,,,0,,,20,gradient_based,,,,,0.003012
2025-07-31 06:49:14.141,http://localhost:30001,pending,,,,0,,,20,gradient_based,,,,,0.003095
2025-07-31 06:49:14.255,http://localhost:30002,pending,,,,0,,,20,gradient_based,,,,,0.003497
2025-07-31 06:49:14.281,http://localhost:30003,unknown,,,,0,293.59,2.0130,20,completion_record,591,2.0130,0.0001,0.1762,0
2025-07-31 06:49:14.379,http://localhost:30003,pending,,,,0,,,20,gradient_based,,,,,0.003477
2025-07-31 06:49:14.394,http://localhost:30003,pending,,,,0,,,20,gradient_based,,,,,0.002862
2025-07-31 06:49:14.422,http://localhost:30001,pending,,,,0,,,20,gradient_based,,,,,0.003714
2025-07-31 06:49:14.465,http://localhost:30002,pending,,,,0,,,20,gradient_based,,,,,0.0038770000000000002
2025-07-31 06:49:14.507,http://localhost:30001,unknown,,,,0,140.47,2.8475,20,completion_record,400,2.8475,0.0002,0.3403,0
2025-07-31 06:49:14.520,http://localhost:30003,unknown,,,,0,280.79,1.4673,20,completion_record,412,1.4673,0.0001,0.1845,0
2025-07-31 06:49:14.616,http://localhost:30003,pending,,,,0,,,20,gradient_based,,,,,0.003934
2025-07-31 06:49:14.630,http://localhost:30001,pending,,,,0,,,20,gradient_based,,,,,0.004668
2025-07-31 06:49:14.634,http://localhost:30003,pending,,,,0,,,20,gradient_based,,,,,0.004637
2025-07-31 06:49:14.672,http://localhost:30003,unknown,,,,0,278.85,1.7070,20,completion_record,476,1.7070,0.0001,0.1920,0
2025-07-31 06:49:14.695,http://localhost:30003,unknown,,,,0,281.20,1.7034,20,completion_record,479,1.7034,0.0001,0.1791,0
2025-07-31 06:49:14.698,http://localhost:30003,unknown,,,,0,281.04,1.5229,20,completion_record,428,1.5229,0.0001,0.1781,0
2025-07-31 06:49:14.779,http://localhost:30003,unknown,,,,0,288.81,2.1225,20,completion_record,613,2.1225,0.0001,0.1632,0
2025-07-31 06:49:14.802,http://localhost:30003,pending,,,,0,,,20,gradient_based,,,,,0.0067009999999999995
2025-07-31 06:49:14.810,http://localhost:30003,pending,,,,0,,,20,gradient_based,,,,,0.0053
2025-07-31 06:49:14.882,http://localhost:30003,pending,,,,0,,,20,gradient_based,,,,,0.006983
2025-07-31 06:49:14.885,http://localhost:30003,unknown,,,,0,285.89,2.1477,20,completion_record,614,2.1477,0.0001,0.1536,0
2025-07-31 06:49:14.973,http://localhost:30003,pending,,,,0,,,20,gradient_based,,,,,0.005895
2025-07-31 06:49:15.065,http://localhost:30003,pending,,,,0,,,20,gradient_based,,,,,0.005665
2025-07-31 06:49:15.068,http://localhost:30003,pending,,,,0,,,20,gradient_based,,,,,0.006343
2025-07-31 06:49:15.089,http://localhost:30002,unknown,,,,0,128.19,3.0970,20,completion_record,397,3.0970,0.0001,0.3734,0
2025-07-31 06:49:15.170,http://localhost:30003,unknown,,,,0,272.87,1.6784,20,completion_record,458,1.6784,0.0001,0.1751,0
2025-07-31 06:49:15.184,http://localhost:30003,unknown,,,,0,278.40,2.0762,20,completion_record,578,2.0762,0.0001,0.1730,0
2025-07-31 06:49:15.253,http://localhost:30003,pending,,,,0,,,20,gradient_based,,,,,0.007042
2025-07-31 06:49:15.271,http://localhost:30002,unknown,,,,0,127.91,1.4620,20,completion_record,187,1.4620,0.0001,0.4062,0
2025-07-31 06:49:15.347,http://localhost:30003,unknown,,,,0,277.65,2.0313,20,completion_record,564,2.0313,0.0001,0.1669,0
2025-07-31 06:49:15.358,http://localhost:30003,unknown,,,,0,279.85,1.4437,20,completion_record,404,1.4437,0.0001,0.1929,0
2025-07-31 06:49:15.363,http://localhost:30003,pending,,,,0,,,20,gradient_based,,,,,0.006458
2025-07-31 06:49:15.392,http://localhost:30002,unknown,,,,0,126.46,2.4830,20,completion_record,314,2.4830,0.0001,0.4259,0
2025-07-31 06:49:15.411,http://localhost:30003,unknown,,,,0,274.92,1.6950,20,completion_record,466,1.6950,0.0001,0.2186,0
2025-07-31 06:49:15.438,http://localhost:30002,unknown,,,,0,127.66,3.0472,20,completion_record,389,3.0472,0.0001,0.3891,0
2025-07-31 06:49:15.448,http://localhost:30003,unknown,,,,0,272.95,1.7988,20,completion_record,491,1.7988,0.0001,0.2353,0
2025-07-31 06:49:15.465,http://localhost:30003,pending,,,,0,,,20,gradient_based,,,,,0.008376000000000001
2025-07-31 06:49:15.493,http://localhost:30003,pending,,,,0,,,20,gradient_based,,,,,0.008319
2025-07-31 06:49:15.514,http://localhost:30003,unknown,,,,0,274.50,1.7923,20,completion_record,492,1.7923,0.0003,0.2123,0
2025-07-31 06:49:15.518,http://localhost:30003,pending,,,,0,,,20,gradient_based,,,,,0.008566
2025-07-31 06:49:15.535,http://localhost:30001,unknown,,,,0,145.14,1.4538,20,completion_record,211,1.4538,0.0001,0.3706,0
2025-07-31 06:49:15.566,http://localhost:30003,pending,,,,0,,,20,gradient_based,,,,,0.007836
2025-07-31 06:49:15.569,http://localhost:30003,pending,,,,0,,,20,gradient_based,,,,,0.006013
2025-07-31 06:49:15.604,http://localhost:30002,unknown,,,,0,127.87,3.1125,20,completion_record,398,3.1125,0.0001,0.3803,0
2025-07-31 06:49:15.642,http://localhost:30002,unknown,,,,0,130.53,3.9683,20,completion_record,518,3.9683,0.0003,0.3472,0
2025-07-31 06:49:15.662,http://localhost:30003,unknown,,,,0,273.89,1.9022,20,completion_record,521,1.9022,0.0001,0.1968,0
2025-07-31 06:49:15.712,http://localhost:30003,unknown,,,,0,271.42,2.0522,20,completion_record,557,2.0522,0.0003,0.2251,0
2025-07-31 06:49:15.734,http://localhost:30001,unknown,,,,0,147.05,1.3125,20,completion_record,193,1.3125,0.0001,0.3586,0
2025-07-31 06:49:15.788,http://localhost:30003,pending,,,,0,,,20,gradient_based,,,,,0.013578
2025-07-31 06:49:15.872,http://localhost:30003,pending,,,,0,,,20,gradient_based,,,,,0.012282
2025-07-31 06:49:15.900,http://localhost:30003,pending,,,,0,,,20,gradient_based,,,,,0.010565
2025-07-31 06:49:15.920,http://localhost:30001,unknown,,,,0,142.09,3.7511,20,completion_record,533,3.7511,0.0001,0.3684,0
2025-07-31 06:49:15.926,http://localhost:30003,unknown,,,,0,273.78,1.8592,20,completion_record,509,1.8592,0.0001,0.1847,0
2025-07-31 06:49:15.944,http://localhost:30003,pending,,,,0,,,20,gradient_based,,,,,0.011664
2025-07-31 06:49:15.968,http://localhost:30003,pending,,,,0,,,20,gradient_based,,,,,0.008868999999999998
2025-07-31 06:49:15.974,http://localhost:30001,unknown,,,,0,142.50,3.5017,20,completion_record,499,3.5017,0.0001,0.3538,0
2025-07-31 06:49:16.023,http://localhost:30002,unknown,,,,0,127.80,3.0361,20,completion_record,388,3.0361,0.0001,0.4226,0
2025-07-31 06:49:16.053,http://localhost:30001,unknown,,,,0,142.37,3.4137,20,completion_record,486,3.4137,0.0001,0.3821,0
2025-07-31 06:49:16.067,http://localhost:30001,unknown,,,,0,143.56,4.2768,20,completion_record,614,4.2768,0.0001,0.3294,0
2025-07-31 06:49:16.072,http://localhost:30003,unknown,,,,0,268.35,1.4384,20,completion_record,386,1.4384,0.0001,0.1668,0
2025-07-31 06:49:16.080,http://localhost:30001,unknown,,,,0,142.84,3.4165,20,completion_record,488,3.4165,0.0001,0.3732,0
2025-07-31 06:49:16.099,http://localhost:30001,unknown,,,,0,142.78,3.1238,20,completion_record,446,3.1238,0.0001,0.3992,0
2025-07-31 06:49:16.131,http://localhost:30003,pending,,,,0,,,20,gradient_based,,,,,0.011774
2025-07-31 06:49:16.131,http://localhost:30003,unknown,,,,0,273.78,2.2683,20,completion_record,621,2.2683,0.0001,0.1905,0
2025-07-31 06:49:16.175,http://localhost:30002,unknown,,,,0,128.15,3.4958,20,completion_record,448,3.4958,0.0001,0.4034,0
2025-07-31 06:49:16.179,http://localhost:30003,pending,,,,0,,,20,gradient_based,,,,,0.010196
2025-07-31 06:49:16.246,http://localhost:30003,unknown,,,,0,272.74,2.2549,20,completion_record,615,2.2549,0.0001,0.1950,0
2025-07-31 06:49:16.270,http://localhost:30003,pending,,,,0,,,20,gradient_based,,,,,0.011847
2025-07-31 06:49:16.275,http://localhost:30001,unknown,,,,0,145.32,2.6837,20,completion_record,390,2.6837,0.0001,0.3722,0
2025-07-31 06:49:16.276,http://localhost:30001,pending,,,,0,,,20,gradient_based,,,,,0.012225000000000001
2025-07-31 06:49:16.314,http://localhost:30001,unknown,,,,0,142.78,3.9571,20,completion_record,565,3.9571,0.0001,0.3643,0
2025-07-31 06:49:16.332,http://localhost:30003,unknown,,,,0,265.76,1.7158,20,completion_record,456,1.7158,0.0001,0.1820,0
2025-07-31 06:49:16.334,http://localhost:30001,unknown,,,,0,144.47,3.0040,20,completion_record,434,3.0040,0.0001,0.3608,0
2025-07-31 06:49:16.341,http://localhost:30003,unknown,,,,0,271.29,1.9463,20,completion_record,528,1.9463,0.0001,0.1672,0
2025-07-31 06:49:16.358,http://localhost:30003,unknown,,,,0,266.19,1.5477,20,completion_record,412,1.5477,0.0003,0.1853,0
2025-07-31 06:49:16.367,http://localhost:30001,unknown,,,,0,142.57,3.4791,20,completion_record,496,3.4791,0.0001,0.4007,0
2025-07-31 06:49:16.382,http://localhost:30001,pending,,,,0,,,20,gradient_based,,,,,0.013566
2025-07-31 06:49:16.402,http://localhost:30001,unknown,,,,0,142.69,4.1140,20,completion_record,587,4.1140,0.0001,0.3529,0
2025-07-31 06:49:16.424,http://localhost:30003,unknown,,,,0,275.15,2.3115,20,completion_record,636,2.3115,0.0001,0.1730,0
2025-07-31 06:49:16.439,http://localhost:30001,pending,,,,0,,,20,gradient_based,,,,,0.012383
2025-07-31 06:49:16.466,http://localhost:30001,pending,,,,0,,,20,gradient_based,,,,,0.010699
2025-07-31 06:49:16.511,http://localhost:30003,unknown,,,,0,270.34,1.7089,20,completion_record,462,1.7089,0.0001,0.1935,0
2025-07-31 06:49:16.571,http://localhost:30001,unknown,,,,0,144.24,2.8010,20,completion_record,404,2.8010,0.0001,0.3733,0
2025-07-31 06:49:16.588,http://localhost:30001,pending,,,,0,,,20,gradient_based,,,,,0.011943
2025-07-31 06:49:16.606,http://localhost:30003,unknown,,,,0,275.61,1.7234,20,completion_record,475,1.7234,0.0001,0.1833,0
2025-07-31 06:49:16.612,http://localhost:30002,unknown,,,,0,129.15,3.6082,20,completion_record,466,3.6082,0.0001,0.4133,0
2025-07-31 06:49:16.631,http://localhost:30001,pending,,,,0,,,20,gradient_based,,,,,0.011556
2025-07-31 06:49:16.637,http://localhost:30003,unknown,,,,0,277.16,2.2586,20,completion_record,626,2.2586,0.0001,0.1802,0
2025-07-31 06:49:16.679,http://localhost:30001,pending,,,,0,,,20,gradient_based,,,,,0.009191999999999999
2025-07-31 06:49:16.743,http://localhost:30002,unknown,,,,0,129.28,4.4323,20,completion_record,573,4.4323,0.0001,0.3984,0
2025-07-31 06:49:16.764,http://localhost:30001,unknown,,,,0,144.80,2.1340,20,completion_record,309,2.1340,0.0002,0.3442,0
2025-07-31 06:49:16.765,http://localhost:30001,pending,,,,0,,,20,gradient_based,,,,,0.014110000000000001
2025-07-31 06:49:16.773,http://localhost:30002,unknown,,,,0,129.69,3.6858,20,completion_record,478,3.6858,0.0001,0.4024,0
2025-07-31 06:49:16.813,http://localhost:30001,pending,,,,0,,,20,gradient_based,,,,,0.014766999999999999
2025-07-31 06:49:16.824,http://localhost:30003,unknown,,,,0,280.23,1.7593,20,completion_record,493,1.7593,0.0001,0.1873,0
2025-07-31 06:49:16.877,http://localhost:30001,unknown,,,,0,141.71,3.8106,20,completion_record,540,3.8106,0.0001,0.3744,0
2025-07-31 06:49:16.877,http://localhost:30001,pending,,,,0,,,20,gradient_based,,,,,0.01515
2025-07-31 06:49:16.882,http://localhost:30001,pending,,,,0,,,20,gradient_based,,,,,0.015311
2025-07-31 06:49:16.896,http://localhost:30003,unknown,,,,0,282.41,1.8271,20,completion_record,516,1.8271,0.0004,0.1832,0
2025-07-31 06:49:16.904,http://localhost:30003,unknown,,,,0,283.40,1.6514,20,completion_record,468,1.6514,0.0001,0.1776,0
2025-07-31 06:49:16.913,http://localhost:30002,unknown,,,,0,129.92,3.7561,20,completion_record,488,3.7561,0.0001,0.3984,0
2025-07-31 06:49:16.956,http://localhost:30001,unknown,,,,0,141.15,3.7619,20,completion_record,531,3.7619,0.0001,0.3600,0
2025-07-31 06:49:16.963,http://localhost:30003,unknown,,,,0,283.06,1.9678,20,completion_record,557,1.9678,0.0001,0.1989,0
2025-07-31 06:49:17.014,http://localhost:30001,pending,,,,0,,,20,gradient_based,,,,,0.014195999999999999
2025-07-31 06:49:17.026,http://localhost:30001,pending,,,,0,,,20,gradient_based,,,,,0.014353
2025-07-31 06:49:17.033,http://localhost:30001,pending,,,,0,,,20,gradient_based,,,,,0.010596
2025-07-31 06:49:17.050,http://localhost:30001,pending,,,,0,,,20,gradient_based,,,,,0.010787
2025-07-31 06:49:17.053,http://localhost:30002,unknown,,,,0,129.47,4.7888,20,completion_record,620,4.7888,0.0001,0.3906,0
2025-07-31 06:49:17.111,http://localhost:30002,unknown,,,,0,130.63,3.3531,20,completion_record,438,3.3531,0.0001,0.4194,0
2025-07-31 06:49:17.175,http://localhost:30002,unknown,,,,0,130.86,3.7904,20,completion_record,496,3.7904,0.0001,0.3904,0
2025-07-31 06:49:17.188,http://localhost:30001,unknown,,,,0,123.31,0.1379,20,completion_record,17,0.1379,0.0003,,0
2025-07-31 06:49:17.205,http://localhost:30003,pending,,,,0,,,20,gradient_based,,,,,0.02058
2025-07-31 06:49:17.282,http://localhost:30001,unknown,,,,0,139.19,4.2820,20,completion_record,596,4.2820,0.0001,0.3882,0
2025-07-31 06:49:17.344,http://localhost:30003,pending,,,,0,,,20,gradient_based,,,,,0.016237
2025-07-31 06:49:17.372,http://localhost:30003,unknown,,,,0,290.95,1.9076,20,completion_record,555,1.9076,0.0001,0.2171,0
2025-07-31 06:49:17.388,http://localhost:30003,unknown,,,,0,306.20,1.4206,20,completion_record,435,1.4206,0.0001,0.1866,0
2025-07-31 06:49:17.399,http://localhost:30003,unknown,,,,0,291.76,2.0359,20,completion_record,594,2.0359,0.0001,0.2008,0
2025-07-31 06:49:17.421,http://localhost:30002,unknown,,,,0,130.35,4.7642,20,completion_record,621,4.7642,0.0001,0.4109,0
2025-07-31 06:49:17.438,http://localhost:30003,unknown,,,,0,299.42,1.6498,20,completion_record,494,1.6498,0.0002,0.2220,0
2025-07-31 06:49:17.458,http://localhost:30001,pending,,,,0,,,20,gradient_based,,,,,0.034574
2025-07-31 06:49:17.485,http://localhost:30001,pending,,,,0,,,20,gradient_based,,,,,0.016662
2025-07-31 06:49:17.513,http://localhost:30003,unknown,,,,0,317.92,1.2425,20,completion_record,395,1.2425,0.0002,0.1703,0
2025-07-31 06:49:17.526,http://localhost:30003,unknown,,,,0,311.73,1.3954,20,completion_record,435,1.3954,0.0001,0.1999,0
2025-07-31 06:49:17.534,http://localhost:30002,unknown,,,,0,131.47,4.2292,20,completion_record,556,4.2292,0.0001,0.3894,0
2025-07-31 06:49:17.546,http://localhost:30003,unknown,,,,0,299.99,1.9768,20,completion_record,593,1.9768,0.0003,0.1796,0
2025-07-31 06:49:17.553,http://localhost:30001,pending,,,,0,,,20,gradient_based,,,,,0.013199
2025-07-31 06:49:17.554,http://localhost:30003,unknown,,,,0,298.60,2.0362,20,completion_record,608,2.0362,0.0001,0.1930,0
2025-07-31 06:49:17.617,http://localhost:30003,unknown,,,,0,298.46,2.1242,20,completion_record,634,2.1242,0.0001,0.2063,0
2025-07-31 06:49:17.642,http://localhost:30003,unknown,,,,0,302.06,2.0758,20,completion_record,627,2.0758,0.0001,0.1828,0
2025-07-31 06:49:17.645,http://localhost:30001,unknown,,,,0,140.14,3.5035,20,completion_record,491,3.5035,0.0001,0.3573,0
2025-07-31 06:49:17.688,http://localhost:30003,unknown,,,,0,307.37,1.8154,20,completion_record,558,1.8154,0.0001,0.2105,0
2025-07-31 06:49:17.711,http://localhost:30003,pending,,,,0,,,20,gradient_based,,,,,0.017592
2025-07-31 06:49:17.719,http://localhost:30001,unknown,,,,0,139.56,4.5644,20,completion_record,637,4.5644,0.0001,0.3663,0
2025-07-31 06:49:17.747,http://localhost:30003,unknown,,,,0,309.27,1.8463,20,completion_record,571,1.8463,0.0001,0.1937,0
2025-07-31 06:49:17.748,http://localhost:30003,pending,,,,0,,,20,gradient_based,,,,,0.016691
2025-07-31 06:49:17.750,http://localhost:30003,unknown,,,,0,311.08,1.8066,20,completion_record,562,1.8066,0.0001,0.1868,0
2025-07-31 06:49:17.808,http://localhost:30003,pending,,,,0,,,20,gradient_based,,,,,0.016894000000000003
2025-07-31 06:49:17.829,http://localhost:30003,pending,,,,0,,,20,gradient_based,,,,,0.016356
2025-07-31 06:49:17.832,http://localhost:30003,pending,,,,0,,,20,gradient_based,,,,,0.016184999999999998
2025-07-31 06:49:17.861,http://localhost:30003,pending,,,,0,,,20,gradient_based,,,,,0.013717
2025-07-31 06:49:17.896,http://localhost:30002,unknown,,,,0,133.28,3.9091,20,completion_record,521,3.9091,0.0001,0.4108,0
2025-07-31 06:49:17.903,http://localhost:30003,pending,,,,0,,,20,gradient_based,,,,,0.016342
2025-07-31 06:49:17.920,http://localhost:30003,unknown,,,,0,307.26,1.7412,20,completion_record,535,1.7412,0.0001,0.1864,0
2025-07-31 06:49:17.987,http://localhost:30003,pending,,,,0,,,20,gradient_based,,,,,0.010204
2025-07-31 06:49:18.005,http://localhost:30001,unknown,,,,0,140.33,4.2757,20,completion_record,600,4.2757,0.0001,0.3808,0
2025-07-31 06:49:18.084,http://localhost:30002,unknown,,,,0,132.85,4.3658,20,completion_record,580,4.3658,0.0001,0.4302,0
2025-07-31 06:49:18.139,http://localhost:30002,unknown,,,,0,134.32,4.0501,20,completion_record,544,4.0501,0.0001,0.4107,0
2025-07-31 06:49:18.144,http://localhost:30003,pending,,,,0,,,20,gradient_based,,,,,0.017099
2025-07-31 06:49:18.171,http://localhost:30003,pending,,,,0,,,20,gradient_based,,,,,0.012026
2025-07-31 06:49:18.201,http://localhost:30003,pending,,,,0,,,20,gradient_based,,,,,0.011285
2025-07-31 06:49:18.204,http://localhost:30003,pending,,,,0,,,20,gradient_based,,,,,0.016041
2025-07-31 06:49:18.270,http://localhost:30003,pending,,,,0,,,20,gradient_based,,,,,0.015315000000000002
2025-07-31 06:49:18.304,http://localhost:30003,pending,,,,0,,,20,gradient_based,,,,,0.018366999999999998
2025-07-31 06:49:18.313,http://localhost:30001,unknown,,,,0,141.21,4.3552,20,completion_record,615,4.3552,0.0001,0.3714,0
2025-07-31 06:49:18.329,http://localhost:30003,pending,,,,0,,,20,gradient_based,,,,,0.016353
2025-07-31 06:49:18.352,http://localhost:30003,pending,,,,0,,,20,gradient_based,,,,,0.013762
2025-07-31 06:49:18.364,http://localhost:30003,pending,,,,0,,,20,gradient_based,,,,,0.016614999999999998
2025-07-31 06:49:18.369,http://localhost:30003,pending,,,,0,,,20,gradient_based,,,,,0.009968
2025-07-31 06:49:18.403,http://localhost:30003,pending,,,,0,,,20,gradient_based,,,,,0.017489
2025-07-31 06:49:18.481,http://localhost:30003,pending,,,,0,,,20,gradient_based,,,,,0.01339
2025-07-31 06:49:18.516,http://localhost:30003,pending,,,,0,,,20,gradient_based,,,,,0.01276
2025-07-31 06:49:18.547,http://localhost:30003,pending,,,,0,,,20,gradient_based,,,,,0.024453000000000003
2025-07-31 06:49:18.601,http://localhost:30001,unknown,,,,0,138.38,1.9223,20,completion_record,266,1.9223,0.0001,0.4477,0
2025-07-31 06:49:18.614,http://localhost:30001,unknown,,,,0,136.96,2.1758,20,completion_record,298,2.1758,0.0001,0.4042,0
2025-07-31 06:49:18.616,http://localhost:30003,unknown,,,,0,272.86,1.4110,20,completion_record,385,1.4110,0.0001,0.1799,0
2025-07-31 06:49:18.706,http://localhost:30002,pending,,,,0,,,20,gradient_based,,,,,0.01729
2025-07-31 06:49:18.760,http://localhost:30001,unknown,,,,0,138.56,2.1723,20,completion_record,301,2.1723,0.0001,0.4077,0
2025-07-31 06:49:18.802,http://localhost:30003,unknown,,,,0,274.95,1.4585,20,completion_record,401,1.4585,0.0001,0.1598,0
2025-07-31 06:49:18.813,http://localhost:30002,pending,,,,0,,,20,gradient_based,,,,,0.017624
2025-07-31 06:49:18.818,http://localhost:30002,pending,,,,0,,,20,gradient_based,,,,,0.0167
2025-07-31 06:49:18.876,http://localhost:30002,unknown,,,,0,135.45,4.6216,20,completion_record,626,4.6216,0.0001,0.4040,0
2025-07-31 06:49:18.887,http://localhost:30002,pending,,,,0,,,20,gradient_based,,,,,0.01354
2025-07-31 06:49:18.918,http://localhost:30002,pending,,,,0,,,20,gradient_based,,,,,0.015464
2025-07-31 06:49:18.932,http://localhost:30002,pending,,,,0,,,20,gradient_based,,,,,0.016405999999999997
2025-07-31 06:49:18.937,http://localhost:30002,pending,,,,0,,,20,gradient_based,,,,,0.012987
2025-07-31 06:49:18.971,http://localhost:30002,pending,,,,0,,,20,gradient_based,,,,,0.012435
2025-07-31 06:49:19.022,http://localhost:30002,unknown,,,,0,134.27,4.5578,20,completion_record,612,4.5578,0.0001,0.3907,0
2025-07-31 06:49:19.031,http://localhost:30002,pending,,,,0,,,20,gradient_based,,,,,0.013737000000000001
2025-07-31 06:49:19.035,http://localhost:30002,pending,,,,0,,,20,gradient_based,,,,,0.016366
2025-07-31 06:49:19.118,http://localhost:30002,pending,,,,0,,,20,gradient_based,,,,,0.016042
2025-07-31 06:49:19.157,http://localhost:30002,pending,,,,0,,,20,gradient_based,,,,,0.016393
2025-07-31 06:49:19.167,http://localhost:30002,pending,,,,0,,,20,gradient_based,,,,,0.016699000000000002
2025-07-31 06:49:19.170,http://localhost:30003,unknown,,,,0,279.95,0.8180,20,completion_record,229,0.8180,0.0001,0.2345,0
2025-07-31 06:49:19.190,http://localhost:30001,unknown,,,,0,139.57,2.8087,20,completion_record,392,2.8087,0.0001,0.4032,0
2025-07-31 06:49:19.202,http://localhost:30002,pending,,,,0,,,20,gradient_based,,,,,0.016488
2025-07-31 06:49:19.213,http://localhost:30002,pending,,,,0,,,20,gradient_based,,,,,0.016207
2025-07-31 06:49:19.236,http://localhost:30002,pending,,,,0,,,20,gradient_based,,,,,0.031211000000000003
2025-07-31 06:49:19.256,http://localhost:30002,pending,,,,0,,,20,gradient_based,,,,,0.015453
2025-07-31 06:49:19.297,http://localhost:30002,pending,,,,0,,,20,gradient_based,,,,,0.015993
2025-07-31 06:49:19.308,http://localhost:30002,pending,,,,0,,,20,gradient_based,,,,,0.016781
2025-07-31 06:49:19.314,http://localhost:30002,pending,,,,0,,,20,gradient_based,,,,,0.015848
2025-07-31 06:49:19.384,http://localhost:30003,unknown,,,,0,272.15,1.5763,20,completion_record,429,1.5763,0.0001,0.2194,0
2025-07-31 06:49:19.436,http://localhost:30003,unknown,,,,0,273.03,1.7251,20,completion_record,471,1.7251,0.0001,0.2287,0
2025-07-31 06:49:19.517,http://localhost:30003,unknown,,,,0,278.34,1.6850,20,completion_record,469,1.6850,0.0003,0.2035,0
2025-07-31 06:49:19.554,http://localhost:30001,unknown,,,,0,142.97,2.7418,20,completion_record,392,2.7418,0.0001,0.4350,0
2025-07-31 06:49:19.658,http://localhost:30003,unknown,,,,0,285.43,1.7552,20,completion_record,501,1.7552,0.0001,0.1711,0
2025-07-31 06:49:19.661,http://localhost:30003,unknown,,,,0,287.44,1.3916,20,completion_record,400,1.3916,0.0001,0.2566,0
2025-07-31 06:49:19.668,http://localhost:30002,pending,,,,0,,,20,gradient_based,,,,,0.014253
2025-07-31 06:49:19.698,http://localhost:30003,unknown,,,,0,280.55,1.9498,20,completion_record,547,1.9498,0.0001,0.2168,0
2025-07-31 06:49:19.709,http://localhost:30003,unknown,,,,0,307.47,1.1936,20,completion_record,367,1.1936,0.0001,0.1754,0
2025-07-31 06:49:19.713,http://localhost:30002,pending,,,,0,,,20,gradient_based,,,,,0.015562000000000001
2025-07-31 06:49:19.720,http://localhost:30001,unknown,,,,0,145.24,2.7059,20,completion_record,393,2.7059,0.0001,0.3934,0
2025-07-31 06:49:19.735,http://localhost:30003,unknown,,,,0,283.34,1.9059,20,completion_record,540,1.9059,0.0001,0.2066,0
2025-07-31 06:49:19.783,http://localhost:30003,unknown,,,,0,284.89,1.6392,20,completion_record,467,1.6392,0.0001,0.2852,0
2025-07-31 06:49:19.784,http://localhost:30003,pending,,,,0,,,20,gradient_based,,,,,0.016392
2025-07-31 06:49:19.826,http://localhost:30003,unknown,,,,0,302.89,1.4230,20,completion_record,431,1.4230,0.0001,0.1970,0
2025-07-31 06:49:19.852,http://localhost:30003,unknown,,,,0,287.39,1.9903,20,completion_record,572,1.9903,0.0001,0.1798,0
2025-07-31 06:49:19.862,http://localhost:30003,pending,,,,0,,,20,gradient_based,,,,,0.017694
2025-07-31 06:49:19.890,http://localhost:30003,unknown,,,,0,289.99,1.5863,20,completion_record,460,1.5863,0.0001,0.2609,0
2025-07-31 06:49:19.891,http://localhost:30003,pending,,,,0,,,20,gradient_based,,,,,0.012218000000000001
2025-07-31 06:49:19.920,http://localhost:30003,pending,,,,0,,,20,gradient_based,,,,,0.009446999999999999
2025-07-31 06:49:19.937,http://localhost:30003,unknown,,,,0,298.77,1.4560,20,completion_record,435,1.4560,0.0001,0.1900,0
2025-07-31 06:49:19.951,http://localhost:30001,unknown,,,,0,142.89,3.4851,20,completion_record,498,3.4851,0.0001,0.3903,0
2025-07-31 06:49:20.004,http://localhost:30003,unknown,,,,0,285.08,2.0170,20,completion_record,575,2.0170,0.0001,0.1595,0
2025-07-31 06:49:20.025,http://localhost:30003,pending,,,,0,,,20,gradient_based,,,,,0.018328
2025-07-31 06:49:20.078,http://localhost:30003,unknown,,,,0,285.01,1.8771,20,completion_record,535,1.8771,0.0001,0.2598,0
2025-07-31 06:49:20.108,http://localhost:30003,pending,,,,0,,,20,gradient_based,,,,,0.014921
2025-07-31 06:49:20.145,http://localhost:30003,unknown,,,,0,301.08,1.5976,20,completion_record,481,1.5976,0.0001,0.1760,0
2025-07-31 06:49:20.156,http://localhost:30003,unknown,,,,0,285.44,1.9514,20,completion_record,557,1.9514,0.0003,0.2565,0
2025-07-31 06:49:20.192,http://localhost:30003,unknown,,,,0,284.54,2.0208,20,completion_record,575,2.0208,0.0001,0.2725,0
2025-07-31 06:49:20.193,http://localhost:30003,pending,,,,0,,,20,gradient_based,,,,,0.012629999999999999
2025-07-31 06:49:20.222,http://localhost:30003,pending,,,,0,,,20,gradient_based,,,,,0.015390999999999998
2025-07-31 06:49:20.225,http://localhost:30003,pending,,,,0,,,20,gradient_based,,,,,0.015285
2025-07-31 06:49:20.229,http://localhost:30003,pending,,,,0,,,20,gradient_based,,,,,0.016908000000000003
2025-07-31 06:49:20.248,http://localhost:30001,unknown,,,,0,145.27,3.3661,20,completion_record,489,3.3661,0.0004,0.4189,0
2025-07-31 06:49:20.296,http://localhost:30003,pending,,,,0,,,20,gradient_based,,,,,0.016176
2025-07-31 06:49:20.353,http://localhost:30003,pending,,,,0,,,20,gradient_based,,,,,0.016098
2025-07-31 06:49:20.401,http://localhost:30003,unknown,,,,0,288.67,2.0369,20,completion_record,588,2.0369,0.0003,0.2223,0
2025-07-31 06:49:20.406,http://localhost:30003,pending,,,,0,,,20,gradient_based,,,,,0.012254
2025-07-31 06:49:20.439,http://localhost:30001,unknown,,,,0,142.92,4.1631,20,completion_record,595,4.1631,0.0001,0.3989,0
2025-07-31 06:49:20.451,http://localhost:30003,unknown,,,,0,285.02,2.1226,20,completion_record,605,2.1226,0.0001,0.2483,0
2025-07-31 06:49:20.459,http://localhost:30003,unknown,,,,0,289.42,2.0904,20,completion_record,605,2.0904,0.0003,0.2172,0
2025-07-31 06:49:20.471,http://localhost:30002,pending,,,,0,,,20,gradient_based,,,,,0.015248000000000001
2025-07-31 06:49:20.472,http://localhost:30001,unknown,,,,0,149.74,2.9185,20,completion_record,437,2.9185,0.0001,0.3522,0
2025-07-31 06:49:20.489,http://localhost:30002,pending,,,,0,,,20,gradient_based,,,,,0.015354
2025-07-31 06:49:20.532,http://localhost:30002,pending,,,,0,,,20,gradient_based,,,,,0.014836
2025-07-31 06:49:20.543,http://localhost:30001,unknown,,,,0,149.12,3.0849,20,completion_record,460,3.0849,0.0002,0.3667,0
2025-07-31 06:49:20.551,http://localhost:30002,pending,,,,0,,,20,gradient_based,,,,,0.014335
2025-07-31 06:49:20.711,http://localhost:30002,pending,,,,0,,,20,gradient_based,,,,,0.01535
2025-07-31 06:49:20.712,http://localhost:30002,pending,,,,0,,,20,gradient_based,,,,,0.015766000000000002
2025-07-31 06:49:20.744,http://localhost:30001,unknown,,,,0,146.14,3.8661,20,completion_record,565,3.8661,0.0001,0.4238,0
2025-07-31 06:49:20.766,http://localhost:30002,pending,,,,0,,,20,gradient_based,,,,,0.011885999999999999
2025-07-31 06:49:20.793,http://localhost:30002,pending,,,,0,,,20,gradient_based,,,,,0.014063
2025-07-31 06:49:20.801,http://localhost:30001,unknown,,,,0,149.91,3.3154,20,completion_record,497,3.3154,0.0002,0.3600,0
2025-07-31 06:49:20.808,http://localhost:30001,pending,,,,0,,,20,gradient_based,,,,,0.01182
2025-07-31 06:49:20.842,http://localhost:30001,pending,,,,0,,,20,gradient_based,,,,,0.016073
2025-07-31 06:49:20.848,http://localhost:30001,unknown,,,,0,147.58,3.8217,20,completion_record,564,3.8217,0.0004,0.3812,0
2025-07-31 06:49:20.863,http://localhost:30001,pending,,,,0,,,20,gradient_based,,,,,0.01303
2025-07-31 06:49:20.868,http://localhost:30001,pending,,,,0,,,20,gradient_based,,,,,0.015463000000000001
2025-07-31 06:49:20.916,http://localhost:30001,unknown,,,,0,144.53,4.1513,20,completion_record,600,4.1513,0.0001,0.4428,0
2025-07-31 06:49:20.961,http://localhost:30001,unknown,,,,0,146.90,3.9280,20,completion_record,577,3.9280,0.0003,0.3740,0
2025-07-31 06:49:20.993,http://localhost:30001,unknown,,,,0,144.43,4.3621,20,completion_record,630,4.3621,0.0001,0.4548,0
2025-07-31 06:49:21.029,http://localhost:30001,pending,,,,0,,,20,gradient_based,,,,,0.015214
2025-07-31 06:49:21.076,http://localhost:30001,pending,,,,0,,,20,gradient_based,,,,,0.013866999999999999
2025-07-31 06:49:21.108,http://localhost:30001,pending,,,,0,,,20,gradient_based,,,,,0.013972
2025-07-31 06:49:21.110,http://localhost:30001,pending,,,,0,,,20,gradient_based,,,,,0.009921999999999999
2025-07-31 06:49:21.130,http://localhost:30001,pending,,,,0,,,20,gradient_based,,,,,0.010686000000000001
2025-07-31 06:49:21.159,http://localhost:30001,pending,,,,0,,,20,gradient_based,,,,,0.009562
2025-07-31 06:49:21.270,http://localhost:30003,unknown,,,,0,309.55,1.3503,20,completion_record,418,1.3503,0.0001,0.1714,0
2025-07-31 06:49:21.309,http://localhost:30001,pending,,,,0,,,20,gradient_based,,,,,0.015048
2025-07-31 06:49:21.331,http://localhost:30001,pending,,,,0,,,20,gradient_based,,,,,0.01721
2025-07-31 06:49:21.387,http://localhost:30003,unknown,,,,0,305.74,1.6027,20,completion_record,490,1.6027,0.0001,0.1958,0
2025-07-31 06:49:21.398,http://localhost:30001,pending,,,,0,,,20,gradient_based,,,,,0.011063
2025-07-31 06:49:21.417,http://localhost:30001,pending,,,,0,,,20,gradient_based,,,,,0.0148
2025-07-31 06:49:21.417,http://localhost:30001,pending,,,,0,,,20,gradient_based,,,,,0.01023
2025-07-31 06:49:21.490,http://localhost:30001,pending,,,,0,,,20,gradient_based,,,,,0.010180000000000002
2025-07-31 06:49:21.506,http://localhost:30001,pending,,,,0,,,20,gradient_based,,,,,0.013593000000000001
2025-07-31 06:49:21.533,http://localhost:30003,unknown,,,,0,320.31,1.3081,20,completion_record,419,1.3081,0.0002,0.2100,0
2025-07-31 06:49:21.538,http://localhost:30001,pending,,,,0,,,20,gradient_based,,,,,0.010506999999999999
2025-07-31 06:49:21.545,http://localhost:30001,pending,,,,0,,,20,gradient_based,,,,,0.015632
2025-07-31 06:49:21.572,http://localhost:30003,unknown,,,,0,315.52,1.5467,20,completion_record,488,1.5467,0.0001,0.1855,0
2025-07-31 06:49:21.583,http://localhost:30002,unknown,,,,0,118.72,1.1119,20,completion_record,132,1.1119,0.0001,0.4717,0
2025-07-31 06:49:21.704,http://localhost:30001,pending,,,,0,,,20,gradient_based,,,,,0.022160000000000003
2025-07-31 06:49:21.723,http://localhost:30003,unknown,,,,0,329.45,1.4266,20,completion_record,470,1.4266,0.0001,0.1842,0
2025-07-31 06:49:21.729,http://localhost:30003,unknown,,,,0,332.16,1.3758,20,completion_record,457,1.3758,0.0001,0.1752,0
2025-07-31 06:49:21.780,http://localhost:30003,unknown,,,,0,314.36,1.9182,20,completion_record,603,1.9182,0.0001,0.1982,0
2025-07-31 06:49:21.786,http://localhost:30003,unknown,,,,0,316.58,1.8953,20,completion_record,600,1.8953,0.0001,0.1839,0
2025-07-31 06:49:21.821,http://localhost:30003,unknown,,,,0,324.60,1.5989,20,completion_record,519,1.5989,0.0002,0.2122,0
2025-07-31 06:49:21.988,http://localhost:30003,unknown,,,,0,326.56,1.7945,20,completion_record,586,1.7945,0.0001,0.2152,0
2025-07-31 06:49:22.020,http://localhost:30003,unknown,,,,0,325.29,1.9121,20,completion_record,622,1.9121,0.0001,0.2143,0
2025-07-31 06:49:22.118,http://localhost:30003,unknown,,,,0,332.45,1.8890,20,completion_record,628,1.8890,0.0003,0.2058,0
2025-07-31 06:49:22.172,http://localhost:30003,unknown,,,,0,343.23,1.7656,20,completion_record,606,1.7656,0.0001,0.1631,0
2025-07-31 06:49:22.341,http://localhost:30001,unknown,,,,0,132.64,1.3118,20,completion_record,174,1.3118,0.0001,0.4396,0
2025-07-31 06:49:22.358,http://localhost:30002,unknown,,,,0,121.01,3.4212,20,completion_record,414,3.4212,0.0002,0.5221,0
2025-07-31 06:49:22.421,http://localhost:30002,unknown,,,,0,123.32,3.2194,20,completion_record,397,3.2194,0.0001,0.4417,0
2025-07-31 06:49:22.524,http://localhost:30002,unknown,,,,0,123.31,3.3573,20,completion_record,414,3.3573,0.0003,0.4472,0
2025-07-31 06:49:22.548,http://localhost:30002,unknown,,,,0,122.13,3.5127,20,completion_record,429,3.5127,0.0003,0.4899,0
2025-07-31 06:49:22.556,http://localhost:30002,unknown,,,,0,120.69,3.6376,20,completion_record,439,3.6376,0.0001,0.5405,0
2025-07-31 06:49:22.681,http://localhost:30002,unknown,,,,0,120.22,3.8679,20,completion_record,465,3.8679,0.0001,0.5716,0
2025-07-31 06:49:23.103,http://localhost:30002,unknown,,,,0,121.44,4.2159,20,completion_record,512,4.2159,0.0001,0.5495,0
2025-07-31 06:49:23.205,http://localhost:30002,unknown,,,,0,125.10,3.9487,20,completion_record,494,3.9487,0.0001,0.4100,0
2025-07-31 06:49:23.244,http://localhost:30002,unknown,,,,0,125.51,3.9361,20,completion_record,494,3.9361,0.0004,0.4040,0
2025-07-31 06:49:23.291,http://localhost:30002,unknown,,,,0,123.00,4.2601,20,completion_record,524,4.2601,0.0001,0.4941,0
2025-07-31 06:49:23.377,http://localhost:30002,unknown,,,,0,123.51,4.2588,20,completion_record,526,4.2588,0.0001,0.4732,0
2025-07-31 06:49:23.518,http://localhost:30002,unknown,,,,0,122.56,4.5854,20,completion_record,562,4.5854,0.0003,0.5263,0
2025-07-31 06:49:23.571,http://localhost:30002,unknown,,,,0,124.14,4.4143,20,completion_record,548,4.4143,0.0001,0.4575,0
2025-07-31 06:49:23.586,http://localhost:30002,unknown,,,,0,121.73,4.8797,20,completion_record,594,4.8797,0.0001,0.5362,0
2025-07-31 06:49:23.699,http://localhost:30002,unknown,,,,0,125.05,4.4863,20,completion_record,561,4.4863,0.0003,0.4309,0
2025-07-31 06:49:23.736,http://localhost:30002,unknown,,,,0,125.16,3.2039,20,completion_record,401,3.2039,0.0001,0.4568,0
2025-07-31 06:49:23.744,http://localhost:30002,unknown,,,,0,123.62,4.7727,20,completion_record,590,4.7727,0.0001,0.5024,0
2025-07-31 06:49:23.795,http://localhost:30002,unknown,,,,0,126.14,3.0838,20,completion_record,389,3.0838,0.0002,0.4329,0
2025-07-31 06:49:23.802,http://localhost:30002,unknown,,,,0,122.40,4.9837,20,completion_record,610,4.9837,0.0003,0.5665,0
2025-07-31 06:49:23.832,http://localhost:30001,unknown,,,,0,142.86,2.7020,20,completion_record,386,2.7020,0.0004,0.4198,0
2025-07-31 06:49:23.929,http://localhost:30002,unknown,,,,0,126.26,4.2610,20,completion_record,538,4.2610,0.0001,0.3958,0
2025-07-31 06:49:24.003,http://localhost:30002,unknown,,,,0,127.73,3.2100,20,completion_record,410,3.2100,0.0001,0.4047,0
2025-07-31 06:49:24.054,http://localhost:30002,unknown,,,,0,127.44,3.2878,20,completion_record,419,3.2878,0.0001,0.4166,0
2025-07-31 06:49:24.082,http://localhost:30002,unknown,,,,0,126.88,4.7684,20,completion_record,605,4.7684,0.0003,0.3979,0
2025-07-31 06:49:24.177,http://localhost:30002,unknown,,,,0,126.29,4.9411,20,completion_record,624,4.9411,0.0001,0.4236,0
2025-07-31 06:49:24.184,http://localhost:30002,unknown,,,,0,127.31,3.4719,20,completion_record,442,3.4719,0.0001,0.4318,0
2025-07-31 06:49:24.205,http://localhost:30002,unknown,,,,0,126.49,3.7158,20,completion_record,470,3.7158,0.0001,0.4613,0
2025-07-31 06:49:24.267,http://localhost:30002,unknown,,,,0,126.94,4.9709,20,completion_record,631,4.9709,0.0001,0.4153,0
2025-07-31 06:49:24.334,http://localhost:30001,unknown,,,,0,144.72,2.9368,20,completion_record,425,2.9368,0.0001,0.4052,0
2025-07-31 06:49:24.361,http://localhost:30001,unknown,,,,0,141.71,3.4930,20,completion_record,495,3.4930,0.0004,0.4105,0
2025-07-31 06:49:24.408,http://localhost:30001,unknown,,,,0,146.41,2.9028,20,completion_record,425,2.9028,0.0001,0.3701,0
2025-07-31 06:49:24.504,http://localhost:30002,unknown,,,,0,128.37,4.7910,20,completion_record,615,4.7910,0.0001,0.3880,0
2025-07-31 06:49:24.549,http://localhost:30001,unknown,,,,0,144.81,3.2179,20,completion_record,466,3.2179,0.0001,0.4122,0
2025-07-31 06:49:24.556,http://localhost:30001,unknown,,,,0,141.91,3.6925,20,completion_record,524,3.6925,0.0001,0.4158,0
2025-07-31 06:49:24.603,http://localhost:30001,unknown,,,,0,141.74,3.7603,20,completion_record,533,3.7603,0.0001,0.4235,0
2025-07-31 06:49:24.702,http://localhost:30001,unknown,,,,0,145.80,3.2853,20,completion_record,479,3.2853,0.0001,0.3929,0
2025-07-31 06:49:24.762,http://localhost:30001,unknown,,,,0,144.79,3.4532,20,completion_record,500,3.4532,0.0001,0.4214,0
2025-07-31 06:49:24.789,http://localhost:30001,unknown,,,,0,143.52,3.6790,20,completion_record,528,3.6790,0.0001,0.4404,0
2025-07-31 06:49:24.826,http://localhost:30002,unknown,,,,0,130.30,4.2746,20,completion_record,557,4.2746,0.0001,0.4454,0
2025-07-31 06:49:24.835,http://localhost:30001,unknown,,,,0,146.00,3.4178,20,completion_record,499,3.4178,0.0001,0.3920,0
2025-07-31 06:49:24.911,http://localhost:30001,unknown,,,,0,143.42,3.8350,20,completion_record,550,3.8350,0.0001,0.4444,0
2025-07-31 06:49:25.064,http://localhost:30001,unknown,,,,0,142.87,4.2555,20,completion_record,608,4.2555,0.0001,0.4316,0
2025-07-31 06:49:25.121,http://localhost:30001,unknown,,,,0,148.68,3.4168,20,completion_record,508,3.4168,0.0001,0.3462,0
2025-07-31 06:49:25.159,http://localhost:30001,unknown,,,,0,145.78,3.9991,20,completion_record,583,3.9991,0.0001,0.4233,0
2025-07-31 06:49:25.190,http://localhost:30001,unknown,,,,0,148.70,3.6450,20,completion_record,542,3.6450,0.0004,0.3503,0
2025-07-31 06:49:25.197,http://localhost:30001,unknown,,,,0,144.80,4.0884,20,completion_record,592,4.0884,0.0002,0.4415,0
2025-07-31 06:49:25.241,http://localhost:30001,unknown,,,,0,147.70,3.7508,20,completion_record,554,3.7508,0.0001,0.3786,0
2025-07-31 06:49:25.594,http://localhost:30001,unknown,,,,0,149.68,4.0554,20,completion_record,607,4.0554,0.0001,0.3575,0
